name,url,salary,id
Python developer (middle),https://hh.ru/vacancy/78507020,,78507020
Junior Data Analyst,https://hh.ru/vacancy/78155321,,78155321
Программист-разработчик Python,https://hh.ru/vacancy/69900189,,69900189
Разработчик Python,https://hh.ru/vacancy/78850504,,78850504
Middle Python Backend Developer,https://hh.ru/vacancy/77987262,200000,77987262
Python developer,https://hh.ru/vacancy/78914776,,78914776
Специалист по тестированию (Python),https://hh.ru/vacancy/78452409,,78452409
Python Developer (Infrastructure),https://hh.ru/vacancy/76680884,,76680884
Разработчик Python(RuPost),https://hh.ru/vacancy/43558725,,43558725
Teamlead / Senior Software Engineer (Python),https://hh.ru/vacancy/79111041,300000,79111041
Разработчик Python,https://hh.ru/vacancy/72052201,,72052201
Middle Python разработчик,https://hh.ru/vacancy/77999158,,77999158
Python Developer (Middle),https://hh.ru/vacancy/79093820,,79093820
Senior Python developer,https://hh.ru/vacancy/76797183,350000,76797183
Python - разработчик (Middle) / Программист - Python (Middle),https://hh.ru/vacancy/78346934,,78346934
Senior Python разработчик,https://hh.ru/vacancy/78808681,200000,78808681
C++ Software Developer,https://hh.ru/vacancy/78578145,250000,78578145
Junior Analyst (Аналитик),https://hh.ru/vacancy/77642785,,77642785
Middle+ Backend разработчик Python/Django,https://hh.ru/vacancy/78595053,190000,78595053
Middle Python developer,https://hh.ru/vacancy/72687504,150000,72687504
"Стажёр по направлению ""Кибербезопасность"" от SBERSEASONS",https://hh.ru/vacancy/78861327,,78861327
Разработчик автоматизации SQL / Python,https://hh.ru/vacancy/78909670,,78909670
Data analyst,https://hh.ru/vacancy/78784729,,78784729
Senior Python Developer,https://hh.ru/vacancy/78049761,3500,78049761
Python-разработчик в R&D отдел,https://hh.ru/vacancy/72687478,100000,72687478
Data engineer (middle+),https://hh.ru/vacancy/78519105,,78519105
Python Software Developer (AI),https://hh.ru/vacancy/78095330,,78095330
Дата-инженер,https://hh.ru/vacancy/78754049,60000,78754049
Python/JavaScript разработчик,https://hh.ru/vacancy/78784725,230000,78784725
Middle Python Developer,https://hh.ru/vacancy/78907116,,78907116
Аналитик данных,https://hh.ru/vacancy/78975822,60000,78975822
Программист fullstack python/embedded,https://hh.ru/vacancy/79125930,120000,79125930
Python developer/QA (middle),https://hh.ru/vacancy/78855173,,78855173
Python-разработчик (Middle),https://hh.ru/vacancy/78086675,,78086675
Разработчик Python ( Голосовой ассистент ),https://hh.ru/vacancy/78118811,,78118811
Data Scientist,https://hh.ru/vacancy/78961029,160000,78961029
Fullstack Developer Python (Middle),https://hh.ru/vacancy/79007167,,79007167
Python/JavaScript разработчик,https://hh.ru/vacancy/78779176,230000,78779176
Инженер (Python),https://hh.ru/vacancy/77564899,,77564899
Senior Python (Django) Backend developer,https://hh.ru/vacancy/78560395,3500,78560395
Python Developer,https://hh.ru/vacancy/78820362,200000,78820362
Backend Python developer (senior/middle+),https://hh.ru/vacancy/76827509,150000,76827509
Middle backend Python developer,https://hh.ru/vacancy/78144573,150000,78144573
Machine Learning Engineer (ML),https://hh.ru/vacancy/78786735,250000,78786735
"Middle Python разработчик | Алгоритмы обработки raw GNSS observation | RTCM, RTKlib",https://hh.ru/vacancy/78976006,,78976006
Python разработчик (middle+ - senior),https://hh.ru/vacancy/78886285,250000,78886285
Стажер машинного обучения,https://hh.ru/vacancy/78846583,,78846583
Python Senior/Lead Developer,https://hh.ru/vacancy/77875797,,77875797
Разработчик Python,https://hh.ru/vacancy/78734551,,78734551
Инженер-тестировщик (Python),https://hh.ru/vacancy/78901839,,78901839
Junior Python разработчик,https://hh.ru/vacancy/78636365,50000,78636365
Senior Python+Go developer,https://hh.ru/vacancy/78768435,300000,78768435
Middle С++ Developer по встраиванию решений видеоаналитики,https://hh.ru/vacancy/79044768,,79044768
Ведущий разработчик Python,https://hh.ru/vacancy/72398896,,72398896
Преподаватель программирования для подростков Python (удаленно),https://hh.ru/vacancy/78852870,,78852870
Team Lead Python,https://hh.ru/vacancy/69431362,6500,69431362
Разработчик Python,https://hh.ru/vacancy/75553007,,75553007
Python developer Blotter History (Cyprus),https://hh.ru/vacancy/78891378,,78891378
Team Lead (Python),https://hh.ru/vacancy/78992103,,78992103
Middle/Senior Data Engineer,https://hh.ru/vacancy/71220088,200000,71220088
Программист Python,https://hh.ru/vacancy/77736788,,77736788
Python программист (Наставник онлайн-курса по Python),https://hh.ru/vacancy/67864415,,67864415
Python developer,https://hh.ru/vacancy/78787561,2500,78787561
Middle+ Data Scientist,https://hh.ru/vacancy/78386771,160000,78386771
Разработчик Python (middle),https://hh.ru/vacancy/78058094,,78058094
Python developer,https://hh.ru/vacancy/77302829,,77302829
Python разработчик (Биометрия),https://hh.ru/vacancy/78275267,,78275267
Фулстек-разработчик,https://hh.ru/vacancy/78857221,,78857221
Программист-разработчик,https://hh.ru/vacancy/78845650,100000,78845650
Backend разработчик Middle / Senior,https://hh.ru/vacancy/78013069,200000,78013069
Бэкенд-разработчик Python,https://hh.ru/vacancy/78729053,50000,78729053
"Python Developer, New Zealand",https://hh.ru/vacancy/77658597,5000,77658597
Python Teamlead,https://hh.ru/vacancy/78988891,250000,78988891
Python Team Lead,https://hh.ru/vacancy/79106309,,79106309
Python разработчик (Django),https://hh.ru/vacancy/78687763,,78687763
Middle Python-разработчик (Инженер-программист 2 категории),https://hh.ru/vacancy/78645309,110000,78645309
Data Scientist / ML Инженер,https://hh.ru/vacancy/76827021,,76827021
Full stack разработчик (Python),https://hh.ru/vacancy/78869705,160000,78869705
Python Middle+/Senior Developer,https://hh.ru/vacancy/78783323,,78783323
Преподаватель программирования Python в онлайн-школу для детей (удаленно),https://hh.ru/vacancy/78509570,25000,78509570
TechLead Python,https://hh.ru/vacancy/78717965,,78717965
Full Stack разработчик (Python и Django),https://hh.ru/vacancy/78860945,,78860945
"Python + R Developer (bioinformatic), New Zealand",https://hh.ru/vacancy/77394308,5000,77394308
"Проверяющий преподаватель на курс ""Python-фреймворк Django""",https://hh.ru/vacancy/78147422,,78147422
Data Scientist (RecSys),https://hh.ru/vacancy/76939162,,76939162
Наставник курсов по Python разработке,https://hh.ru/vacancy/76767074,100000,76767074
Python тестировщик,https://hh.ru/vacancy/78622299,,78622299
"Преподаватель на курс ""Python-разработка с 0""",https://hh.ru/vacancy/78832096,,78832096
"Разработчик Python (Middle, Senior)",https://hh.ru/vacancy/55088580,,55088580
Senior NLP Engineer / Data Scientist,https://hh.ru/vacancy/77899629,,77899629
Senior Data Engineer,https://hh.ru/vacancy/78524259,5000,78524259
Младший системный администратор Linux,https://hh.ru/vacancy/78614425,,78614425
Senior Python Developer,https://hh.ru/vacancy/77494443,400000,77494443
Младший разработчик Perl,https://hh.ru/vacancy/78176507,100000,78176507
TechLead (Python),https://hh.ru/vacancy/72234221,,72234221
Python Developer - Junior / Middle,https://hh.ru/vacancy/78571035,,78571035
Middle Backend Python программист,https://hh.ru/vacancy/78836146,,78836146
Python-разработчик (middle/senior),https://hh.ru/vacancy/78286528,,78286528
Python developer (middle/senior) удаленно,https://hh.ru/vacancy/77321723,,77321723
Разработчик OpenStack,https://hh.ru/vacancy/78756347,,78756347
Разработчик Python (middle),https://hh.ru/vacancy/78029411,,78029411
Тестировщик (Automation engineer Selenium),https://hh.ru/vacancy/78140702,140000,78140702
Middle+/Senior ML Engineer Antifraud,https://hh.ru/vacancy/77890331,,77890331
Преподаватель вебинаров курса Python,https://hh.ru/vacancy/78737780,57000,78737780
DevOps-инженер,https://hh.ru/vacancy/79121939,100000,79121939
Python-разработчик,https://hh.ru/vacancy/53864420,,53864420
Разработчик (backend Python) middle/senior,https://hh.ru/vacancy/77085204,,77085204
Python Backend Developer (Remote),https://hh.ru/vacancy/77407414,,77407414
Team Lead Python,https://hh.ru/vacancy/78672641,350000,78672641
Инженер инфраструктуры / DevOps / SRE,https://hh.ru/vacancy/77850294,200000,77850294
Senior Python разработчик,https://hh.ru/vacancy/78771199,,78771199
Преподаватель по программированию в онлайн-школе (Python в Minecraft),https://hh.ru/vacancy/76843216,300,76843216
Fullstack developer Python-JS / Фулстек-Разработчик,https://hh.ru/vacancy/72731847,,72731847
Разработчик программного обеспечения (Python),https://hh.ru/vacancy/78734536,110000,78734536
Data Engineer (аналитик больших данных),https://hh.ru/vacancy/78052551,,78052551
Аналитик данных (SQL),https://hh.ru/vacancy/78713920,160000,78713920
"Backend программист Python (middle, senior)",https://hh.ru/vacancy/77942886,,77942886
Ассистент Департамента анализа данных и машинного обучения,https://hh.ru/vacancy/77409459,75130,77409459
Продуктовый аналитик,https://hh.ru/vacancy/78192324,150000,78192324
Начальник отдела / Team Lead Python,https://hh.ru/vacancy/78308501,,78308501
Senior/Middle Python разработчик,https://hh.ru/vacancy/78079115,,78079115
Инженер-разработчик Python,https://hh.ru/vacancy/77601657,,77601657
Team Lead backend/Python (remote),https://hh.ru/vacancy/77863353,,77863353
Разработчик python (Senior/Lead),https://hh.ru/vacancy/78468252,,78468252
Ведущий Python разработчик,https://hh.ru/vacancy/73570582,,73570582
Автор курсов по Python,https://hh.ru/vacancy/72748475,,72748475
Python-разработчик,https://hh.ru/vacancy/76143760,,76143760
Программист Python,https://hh.ru/vacancy/78577726,,78577726
Старший разработчик Perl,https://hh.ru/vacancy/78250338,200000,78250338
Python developer,https://hh.ru/vacancy/70093763,,70093763
Автор курса по разработке (Java/Python),https://hh.ru/vacancy/78788758,,78788758
Преподаватель онлайн-курсов Python / Scratch / Геймдизайн для детей (групповые занятия),https://hh.ru/vacancy/78909742,,78909742
Программист / Инженер данных (Data Engineer),https://hh.ru/vacancy/78398673,,78398673
Python developer,https://hh.ru/vacancy/78519961,,78519961
DevSecOps,https://hh.ru/vacancy/78090391,,78090391
Руководитель разработки (ТехЛид) Python/Django,https://hh.ru/vacancy/73076249,,73076249
Senior Python разработчик,https://hh.ru/vacancy/78552487,,78552487
Senior Python developer (Ml команда),https://hh.ru/vacancy/73984561,,73984561
Инженер-разработчик Python в группу веб-аналитики,https://hh.ru/vacancy/78056962,,78056962
Senior Python Developer,https://hh.ru/vacancy/78000628,250000,78000628
Senior data scientist (ML),https://hh.ru/vacancy/79122624,,79122624
Senior Python (Django) разработчик,https://hh.ru/vacancy/74343712,,74343712
Middle/Senior Python разработчик,https://hh.ru/vacancy/76287050,225000,76287050
Разработчик Python,https://hh.ru/vacancy/78125583,,78125583
Data scientist (math modeling),https://hh.ru/vacancy/78507209,4000,78507209
Python разработчик,https://hh.ru/vacancy/77894522,250000,77894522
Python-разработчик (Рекомендательная система),https://hh.ru/vacancy/77980117,,77980117
Ведущий программист / разработчик Linux,https://hh.ru/vacancy/77980778,300000,77980778
Python Developer,https://hh.ru/vacancy/78750849,,78750849
Спикер онлайн курсов по программированию,https://hh.ru/vacancy/78882886,30000,78882886
QA Fullstack (ручное+Python),https://hh.ru/vacancy/78904801,,78904801
Senior Python developer (SberLB),https://hh.ru/vacancy/77296899,,77296899
Веб-аналитик / Аналитик BI,https://hh.ru/vacancy/78398423,,78398423
Middle-backend Python разработчик,https://hh.ru/vacancy/78735525,,78735525
Data Scientist (middle/senior),https://hh.ru/vacancy/70163749,,70163749
Python разработчик / DevOps инженер,https://hh.ru/vacancy/76347722,150000,76347722
"Junior, DL, Speech",https://hh.ru/vacancy/78459616,50000,78459616
Инженер внедрения стека DevSecOps,https://hh.ru/vacancy/71934284,,71934284
Программист Python,https://hh.ru/vacancy/78431345,100000,78431345
Разработчик Python (Middle+),https://hh.ru/vacancy/78744603,,78744603
Python разработчик (Middle),https://hh.ru/vacancy/78622979,140000,78622979
Программист Python (Middle-Senior),https://hh.ru/vacancy/78559942,140000,78559942
Python разработчик,https://hh.ru/vacancy/78391037,,78391037
Разработчик Python (c Jupyter Hub\lab),https://hh.ru/vacancy/78751152,,78751152
Разработчик Python,https://hh.ru/vacancy/78031980,150000,78031980
Data Scientist,https://hh.ru/vacancy/78706463,,78706463
Middle/Senior Python Developer,https://hh.ru/vacancy/77497386,140000,77497386
Senior Python developer,https://hh.ru/vacancy/78406784,,78406784
Разработчик Python,https://hh.ru/vacancy/78144027,250000,78144027
"Аналитик SQL,Python",https://hh.ru/vacancy/78261402,,78261402
Junior Data Scientist (отдел исследований и моделирования данных),https://hh.ru/vacancy/77604691,,77604691
Python разработчик (удаленно),https://hh.ru/vacancy/78130411,230000,78130411
Разработчик Python,https://hh.ru/vacancy/78640955,,78640955
Python Backend Developer (Junior/Remote),https://hh.ru/vacancy/78083627,,78083627
Разработчик на Python в команду AI Driving Data,https://hh.ru/vacancy/77562875,,77562875
Python-разработчик,https://hh.ru/vacancy/70899389,,70899389
Middle backend-разработчик Python,https://hh.ru/vacancy/76140465,,76140465
Python разработчик,https://hh.ru/vacancy/78422537,,78422537
Инженер-программист (Python),https://hh.ru/vacancy/78358922,,78358922
Программист R&D (нейронные сети),https://hh.ru/vacancy/78674588,160000,78674588
Программист,https://hh.ru/vacancy/78534532,200000,78534532
Бэкенд-разработчик (Python),https://hh.ru/vacancy/78032101,150000,78032101
Middle+ Go Developer,https://hh.ru/vacancy/78154384,,78154384
Middle Python Developer,https://hh.ru/vacancy/78666164,150000,78666164
Python Developer,https://hh.ru/vacancy/78303731,,78303731
Senior Python Developer,https://hh.ru/vacancy/68492110,250000,68492110
Middle python developer,https://hh.ru/vacancy/77996426,150000,77996426
Senior Python разработчик (Intelligent Document Processing),https://hh.ru/vacancy/77016383,200000,77016383
Python разработчик (SmartVoice),https://hh.ru/vacancy/76294359,,76294359
ETL Developer,https://hh.ru/vacancy/78190178,,78190178
Python-разработчик в инфраструктурную группу,https://hh.ru/vacancy/76417694,,76417694
Python разработчик,https://hh.ru/vacancy/78198025,200000,78198025
Программист Python,https://hh.ru/vacancy/78417894,,78417894
Python Django Developer (Middle +),https://hh.ru/vacancy/78401921,150000,78401921
"Python developer, удаленно",https://hh.ru/vacancy/78095731,130000,78095731
Python разработчик,https://hh.ru/vacancy/68077706,,68077706
Senior\Middle Data Scientist (Big Data),https://hh.ru/vacancy/77567000,250000,77567000
Разработчик системы понимания естественных языков | NLP-developer,https://hh.ru/vacancy/78563822,180000,78563822
Программист Python,https://hh.ru/vacancy/77997437,,77997437
Senior Python-разработчик в Цифровые поверхности Салют (направление B2B2C),https://hh.ru/vacancy/77016351,200000,77016351
Программист Python Full stack (middle),https://hh.ru/vacancy/78595891,100000,78595891
Старший инженер-программист (Python)/Senior Python developer,https://hh.ru/vacancy/76604020,,76604020
Разработчик Python,https://hh.ru/vacancy/76934078,,76934078
"Backend-разработчик (Python, Django)",https://hh.ru/vacancy/78530777,150000,78530777
Разработчик службы мониторинга (стажер),https://hh.ru/vacancy/78567709,,78567709
Python-Developer Middle+,https://hh.ru/vacancy/78233165,120000,78233165
Разработчик Python,https://hh.ru/vacancy/78499901,,78499901
Python-разработчик (Цифровой ассистент),https://hh.ru/vacancy/78097137,,78097137
Разработчик Python (ALD),https://hh.ru/vacancy/70052938,,70052938
Программист Python/С++,https://hh.ru/vacancy/77208048,,77208048
Python разработчик (AI проект),https://hh.ru/vacancy/77992483,2500,77992483
"Разработчик Python, развитие рекламной платформы",https://hh.ru/vacancy/78361098,,78361098
Стажер (аналитика кибербезопасности),https://hh.ru/vacancy/78261710,,78261710
Backend разработчик (Python),https://hh.ru/vacancy/77958176,,77958176
Python Senior Developer (SberData),https://hh.ru/vacancy/78759114,,78759114
Data Scientist,https://hh.ru/vacancy/78260367,250000,78260367
Data Scientist,https://hh.ru/vacancy/78014671,250000,78014671
Аналитик данных SQL middle (офис),https://hh.ru/vacancy/78302440,140000,78302440
Junior CV engineer,https://hh.ru/vacancy/77474706,,77474706
Senior Python Developer,https://hh.ru/vacancy/78613988,220000,78613988
Инженер-разработчик по финансовым системам (Python),https://hh.ru/vacancy/78703106,,78703106
Data Scientist / ML-engineer (Middle+) со знание python в проект по искусственному интеллекту,https://hh.ru/vacancy/78405101,150000,78405101
Разработчик Python,https://hh.ru/vacancy/78105622,,78105622
Python-разработчик (Senior),https://hh.ru/vacancy/77331406,240000,77331406
Разработчик курса/методист/преподаватель по Data Science,https://hh.ru/vacancy/77577192,,77577192
Python-разработчик,https://hh.ru/vacancy/78107042,100000,78107042
Junior Data Scientist в команду b2c,https://hh.ru/vacancy/77972920,,77972920
TechLead Backend (Python),https://hh.ru/vacancy/78008215,350000,78008215
Senior Backend Python Developer команда Enabled (MTS AI),https://hh.ru/vacancy/78373203,300000,78373203
Python / BE Developer,https://hh.ru/vacancy/78022405,170000,78022405
Стажер Sber AI Lab,https://hh.ru/vacancy/78097813,,78097813
Программист-математик (python),https://hh.ru/vacancy/78157047,,78157047
Инженер по автоматизации тестирования Python,https://hh.ru/vacancy/78583947,,78583947
Senior Python разработчик (Intelligent Document Processing),https://hh.ru/vacancy/78132241,200000,78132241
Инженер DevOps (стажер),https://hh.ru/vacancy/78573564,,78573564
Python-разработчик middle+/senior,https://hh.ru/vacancy/77850773,200000,77850773
Python разработчик,https://hh.ru/vacancy/76908070,,76908070
Руководитель разработки (Python),https://hh.ru/vacancy/78530847,,78530847
Разработчик Python,https://hh.ru/vacancy/78068669,,78068669
Data Scientist,https://hh.ru/vacancy/78259023,200000,78259023
Python developer,https://hh.ru/vacancy/78200886,220000,78200886
Junior + Data Engineer в СберМаркет,https://hh.ru/vacancy/77122368,,77122368
Senior Python developer,https://hh.ru/vacancy/78036743,350000,78036743
Senior Python Developer,https://hh.ru/vacancy/78670445,3000,78670445
Python-разработчик (Middle+) в проект по искусственному интеллекту,https://hh.ru/vacancy/78403516,80000,78403516
Программист Python,https://hh.ru/vacancy/78333669,,78333669
Администратор СУБД PostgreSQL (стажер),https://hh.ru/vacancy/78603219,,78603219
"Программист Python (ML, Machine learning, PyTorch) офис",https://hh.ru/vacancy/78192515,,78192515
Системный администратор Kubernetes (стажер),https://hh.ru/vacancy/78573272,,78573272
"Инженер (Linux, Python)",https://hh.ru/vacancy/76856011,,76856011
"Senior Python developer, New Zealand",https://hh.ru/vacancy/77583549,4750,77583549
Python Developer,https://hh.ru/vacancy/78344010,,78344010
Senior Python developer (FastApi + Django),https://hh.ru/vacancy/78405139,200000,78405139
Python-разработчик в команду инфраструктуры,https://hh.ru/vacancy/78283337,,78283337
Python developer,https://hh.ru/vacancy/78120609,,78120609
"Преподаватель ""Программирование на языке Python""",https://hh.ru/vacancy/78550224,,78550224
Middle Data Scientist (Sber AI Lab),https://hh.ru/vacancy/78307298,217750,78307298
Python-разработчик,https://hh.ru/vacancy/77982718,,77982718
Python (middle) Specialist,https://hh.ru/vacancy/78034655,,78034655
Python Developer,https://hh.ru/vacancy/78399963,,78399963
Team Lead Python,https://hh.ru/vacancy/78293917,,78293917
Ведущий Python-разработчик,https://hh.ru/vacancy/78295186,,78295186
Python разработчик (Middle),https://hh.ru/vacancy/78416357,,78416357
Python Developer (Django),https://hh.ru/vacancy/78300071,,78300071
Стажер PlanFormer,https://hh.ru/vacancy/78034633,57700,78034633
Python разработчик (проект Лаборатория измерительных систем),https://hh.ru/vacancy/78385236,,78385236
Ведущий разработчик Python,https://hh.ru/vacancy/76963001,,76963001
Fullstack Python/JavaScript (Ревьюер),https://hh.ru/vacancy/78351895,,78351895
Python разработчик,https://hh.ru/vacancy/78295275,,78295275
Senior Python Developer (Integration`s team),https://hh.ru/vacancy/78362921,270000,78362921
QA Automation engineer (Python),https://hh.ru/vacancy/78294530,,78294530
Techlead / Ведущий разработчик (Python),https://hh.ru/vacancy/78020898,,78020898
Python Data Engineer,https://hh.ru/vacancy/78103657,,78103657
Python developer,https://hh.ru/vacancy/76280390,,76280390
Старший разработчик Python,https://hh.ru/vacancy/78445352,,78445352
Senior Python разработчик,https://hh.ru/vacancy/78147553,,78147553
Наставник курсов по Python разработке,https://hh.ru/vacancy/77332277,60000,77332277
Python разработчик (Проект Персональные данные),https://hh.ru/vacancy/54261880,,54261880
Инженер-программист,https://hh.ru/vacancy/78363026,,78363026
Ментор по Python (middle+/senior),https://hh.ru/vacancy/78056722,25000,78056722
"Преподаватель - ""Аналитик данных""",https://hh.ru/vacancy/78182218,66000,78182218
Python Developer,https://hh.ru/vacancy/78085556,,78085556
Тим/Тех лид Python,https://hh.ru/vacancy/78075944,,78075944
"Преподаватель детского курса ""Углублённый курс по Python""",https://hh.ru/vacancy/78526003,,78526003
Главный Python разработчик,https://hh.ru/vacancy/78152661,,78152661
Инженер-программист,https://hh.ru/vacancy/78058032,170000,78058032
Программист Linux С/Python,https://hh.ru/vacancy/78179173,,78179173
Код-ревьюер на курс “Асинхронное программирование на Python”,https://hh.ru/vacancy/78153426,,78153426
Спикер на курс «Автотесты на Python. Продвинутая часть»,https://hh.ru/vacancy/77235046,,77235046
Наставник на курс “Асинхронное программирование на Python”,https://hh.ru/vacancy/78153449,,78153449
Преподаватель курсов «Программирование на языке Python»,https://hh.ru/vacancy/78172813,,78172813
Преподаватель по Python в Центр непрерывного образования ФКН,https://hh.ru/vacancy/78037846,,78037846
Специалист / Преподаватель для детей Алгоритмика / Pyhon / Программирование для детей 10-16 лет,https://hh.ru/vacancy/78149540,50000,78149540
Ведущий риск - аналитик (data science/machine learning),https://hh.ru/vacancy/78086889,,78086889
Python-разработчик,https://hh.ru/vacancy/77032460,,77032460
Python разработчик,https://hh.ru/vacancy/79119906,,79119906
Senior Backend Developer (Python),https://hh.ru/vacancy/78742621,,78742621
Data Engineer (Backend),https://hh.ru/vacancy/78267157,,78267157
DevOps engineer,https://hh.ru/vacancy/78967806,,78967806
Автотестировщик (Python) Middle/Senior,https://hh.ru/vacancy/72875551,,72875551
Ведущий разработчик Python,https://hh.ru/vacancy/71497534,,71497534
Data engeneer,https://hh.ru/vacancy/77824574,,77824574
Дата аналитик,https://hh.ru/vacancy/78626779,,78626779
Аналитик данных / Data Analyst / BI-аналитик,https://hh.ru/vacancy/78694897,160000,78694897
Data analyst / Аналитик данных,https://hh.ru/vacancy/73591237,,73591237
Инженер по автоматизации / DevOps инженер,https://hh.ru/vacancy/77087257,80000,77087257
Data Scientist (LTV),https://hh.ru/vacancy/76536709,,76536709
Senior Backend-Developer,https://hh.ru/vacancy/79102093,150000,79102093
Product Analyst (GameDev),https://hh.ru/vacancy/78991848,,78991848
Разработчик баз данных (PostgreSQL),https://hh.ru/vacancy/77228239,,77228239
"Data scientist (junior/middle), команда разработки портфельных моделей",https://hh.ru/vacancy/79093240,,79093240
DevOps Engineer,https://hh.ru/vacancy/78906873,200000,78906873
Аналитик данных,https://hh.ru/vacancy/78691511,150000,78691511
Backend разработчик (Python/Go),https://hh.ru/vacancy/71136278,150000,71136278
Automation QA Python,https://hh.ru/vacancy/75573483,,75573483
DevOps Engineer,https://hh.ru/vacancy/77959661,300000,77959661
Data Engineer,https://hh.ru/vacancy/78687348,,78687348
"Разработчик Python Developer Middle, Middle+ (робототехника)",https://hh.ru/vacancy/78304420,,78304420
SRE / DevOps engineer (Офис Москва или удалённо в РФ),https://hh.ru/vacancy/76555886,200000,76555886
Data engineer,https://hh.ru/vacancy/78672698,,78672698
Data Scientist (middle),https://hh.ru/vacancy/78331454,,78331454
Python developer в ML-команду,https://hh.ru/vacancy/79113435,,79113435
DevOps Engineer / Системный администратор,https://hh.ru/vacancy/78614146,230000,78614146
QA Lead (Selenium + Python),https://hh.ru/vacancy/79014032,,79014032
Data Analyst,https://hh.ru/vacancy/78845017,,78845017
VOIP разработчик,https://hh.ru/vacancy/78761143,150000,78761143
Game Analyst (игровой аналитик),https://hh.ru/vacancy/76254367,,76254367
Data miner,https://hh.ru/vacancy/79013317,,79013317
FullStack разработчик (Backend Python + Frontend React),https://hh.ru/vacancy/78786267,200000,78786267
Data scientist Middle,https://hh.ru/vacancy/78596130,,78596130
Программист-разработчик компьютерного зрения (python),https://hh.ru/vacancy/78921225,,78921225
Data Engineer,https://hh.ru/vacancy/78632954,,78632954
Ведущий разработчик Computer vision (Python),https://hh.ru/vacancy/77813472,,77813472
DevOps инженер,https://hh.ru/vacancy/78350291,150000,78350291
Аналитик данных,https://hh.ru/vacancy/78309106,,78309106
Аналитик данных,https://hh.ru/vacancy/78426024,,78426024
Python разработчик (проект по автоматизации проектов в компании),https://hh.ru/vacancy/77934779,,77934779
Data Engineer (senior),https://hh.ru/vacancy/78552507,,78552507
Tech Lead Python разработки,https://hh.ru/vacancy/79000015,,79000015
Python Backend - developer,https://hh.ru/vacancy/79041274,,79041274
Senior Data scientist,https://hh.ru/vacancy/78778781,4000,78778781
Data-аналитик,https://hh.ru/vacancy/78860693,,78860693
Специалист сопровождения бизнес приложений / IT Engineer / IT Front Office Support Sp / DevOps,https://hh.ru/vacancy/78825856,,78825856
Ведущий специалист отдела математического моделирования / Data Scientist,https://hh.ru/vacancy/78769816,,78769816
Python developer (проекты),https://hh.ru/vacancy/69533479,,69533479
DEVOPS Engineer,https://hh.ru/vacancy/78496166,150000,78496166
Инженер баз данных (Low-code) /Database Engineer (Low-code),https://hh.ru/vacancy/78641539,,78641539
DevOps-инженер,https://hh.ru/vacancy/77014718,160000,77014718
DevOps engineer (удаленно),https://hh.ru/vacancy/78137317,,78137317
Data engineer,https://hh.ru/vacancy/78124365,,78124365
Data engineer (middle+),https://hh.ru/vacancy/78056691,,78056691
Портфельный аналитик / Portfolio manager (middle/senior),https://hh.ru/vacancy/72928034,,72928034
Аналитик данных/Data Analyst,https://hh.ru/vacancy/78711842,,78711842
"Team lead Python developer, удаленно",https://hh.ru/vacancy/77321451,,77321451
DevOps инженер,https://hh.ru/vacancy/79121099,,79121099
Backend developer Python (middle/senior),https://hh.ru/vacancy/71862882,,71862882
Системный инженер/DevOps (Linux),https://hh.ru/vacancy/77911825,170000,77911825
Инженер по автоматизированному тестированию/QA Automation Engineer (Python),https://hh.ru/vacancy/78727424,,78727424
Программист прикладного ПО,https://hh.ru/vacancy/78519224,,78519224
Senior / Middle+ QA Automation Backend (python),https://hh.ru/vacancy/75549676,,75549676
Программирующий математик (численное моделирование),https://hh.ru/vacancy/78198436,,78198436
Разработчик на Python в команду коммуникаций Еды,https://hh.ru/vacancy/79111955,,79111955
Инженер по автоматизированному тестированию/QA Automation Engineer (Python),https://hh.ru/vacancy/77973026,,77973026
"Backend developer (Go, python)",https://hh.ru/vacancy/79100632,,79100632
Data Analyst,https://hh.ru/vacancy/78656467,,78656467
Product Analyst,https://hh.ru/vacancy/78836767,,78836767
Python-разработчик — Группа технологий в области финансовых расследований,https://hh.ru/vacancy/79084103,,79084103
Backend Python Developer (MTS AI),https://hh.ru/vacancy/77477211,,77477211
Data Analyst (mobile games),https://hh.ru/vacancy/79057856,,79057856
Fullstack разработчик (DevOps),https://hh.ru/vacancy/79124535,100000,79124535
"Middle Django разработчик (удалённо, по ИТ-разработке и консалтингу для крупного бизнеса)",https://hh.ru/vacancy/78278091,,78278091
C++ разработчик (Senior / Middle),https://hh.ru/vacancy/78272043,4000,78272043
QA Automation engineer (Python),https://hh.ru/vacancy/71912517,,71912517
"Senior backend developer (Python), remote",https://hh.ru/vacancy/78376274,,78376274
Риск-аналитик (SQL),https://hh.ru/vacancy/77415912,,77415912
Senior ML\Python Developer,https://hh.ru/vacancy/78989461,,78989461
Data engineer,https://hh.ru/vacancy/76109157,,76109157
DevOps инженер (Системный администратор Linux / Kubernetes),https://hh.ru/vacancy/78684825,180000,78684825
Ведущий фулстек разработчик / Senior fullstack developer (Python),https://hh.ru/vacancy/75729157,,75729157
Lead Data Scientist,https://hh.ru/vacancy/78137233,,78137233
Data Engineer,https://hh.ru/vacancy/78579913,,78579913
Quantitative Researcher (Quantitative algorithmic trading),https://hh.ru/vacancy/78529638,,78529638
Data Science Team Lead,https://hh.ru/vacancy/78607260,,78607260
ML-engineer / ML engineer,https://hh.ru/vacancy/73197327,,73197327
Mobile application security specialist/Специалист по анализу защищённости/IOS Реверс инженер,https://hh.ru/vacancy/71934269,,71934269
Data Engineer (DWH),https://hh.ru/vacancy/78994542,200000,78994542
Data Engineer,https://hh.ru/vacancy/76945904,,76945904
Application Security инженер (практика SAST),https://hh.ru/vacancy/78956671,,78956671
Инженер DevOps,https://hh.ru/vacancy/78976080,,78976080
Data Engineer (Senior),https://hh.ru/vacancy/78586005,,78586005
Devops-инженер,https://hh.ru/vacancy/78468552,5000,78468552
Senior Python developer,https://hh.ru/vacancy/78618526,,78618526
Python Middle+/Senior Developer,https://hh.ru/vacancy/78406480,,78406480
Data Engineer (Big Data),https://hh.ru/vacancy/78273747,,78273747
Team Lead Python разработчик (Биометрия),https://hh.ru/vacancy/75525321,,75525321
SDET Python (Next Generation Firewall),https://hh.ru/vacancy/79080806,,79080806
Senior Python Developer,https://hh.ru/vacancy/79122728,,79122728
Python разработчик / DevOps инженер в SberTech,https://hh.ru/vacancy/79064662,,79064662
Ведущий программист Linux С/Python,https://hh.ru/vacancy/79087991,,79087991
Ведущий программист Linux С/Python,https://hh.ru/vacancy/79093712,,79093712
"Full stack Python, JavaScript",https://hh.ru/vacancy/69181729,,69181729
Python developer (middle),https://hh.ru/vacancy/79120764,,79120764
Devops k8s,https://hh.ru/vacancy/76910798,,76910798
Аналитик данных/Middle Data scientist (Computer Vision),https://hh.ru/vacancy/77557350,,77557350
Python Senior Full-stack Developer,https://hh.ru/vacancy/77321364,,77321364
Data DevOps Engineer,https://hh.ru/vacancy/77330018,,77330018
Ведущий разработчик ПО в области облачных технологий,https://hh.ru/vacancy/68317619,250000,68317619
Tech Lead Python,https://hh.ru/vacancy/79120520,,79120520
Разработчик распределенных приложений (DevOps),https://hh.ru/vacancy/78935697,,78935697
Data Scientist R&D,https://hh.ru/vacancy/79112858,150000,79112858
Software Python Developer in Tests/SDET,https://hh.ru/vacancy/79121189,,79121189
DevOps инженер,https://hh.ru/vacancy/78816765,,78816765
Product Analyst,https://hh.ru/vacancy/77939145,,77939145
Database administrator/DBA PostgreSQL,https://hh.ru/vacancy/78394301,,78394301
Middle | Senior Python разработчик,https://hh.ru/vacancy/73328848,,73328848
Аналитик - математик,https://hh.ru/vacancy/77056705,,77056705
Разработчик на Go и Python в команду платформы платёжного шлюза,https://hh.ru/vacancy/78023577,,78023577
Devops Engineer (централизованное PaaS решение для команд разработки),https://hh.ru/vacancy/76164071,,76164071
Руководитель отдела разработки (backend/python),https://hh.ru/vacancy/77237581,,77237581
Senior Python Developer,https://hh.ru/vacancy/79121323,,79121323
Разработчик C++/Математик,https://hh.ru/vacancy/78684523,,78684523
Deep Learning Engineer (Маруся),https://hh.ru/vacancy/44531061,,44531061
Python Senior Full-stack Developer,https://hh.ru/vacancy/79084640,,79084640
Разработчик SQL/Аналитик,https://hh.ru/vacancy/77962951,,77962951
Senior Python developer (MTS AI),https://hh.ru/vacancy/77551628,,77551628
NLP Engineer (Цифровой ассистент),https://hh.ru/vacancy/76009705,,76009705
Data Scientist,https://hh.ru/vacancy/79115973,,79115973
Data Engineer,https://hh.ru/vacancy/79111005,,79111005
Программист-исследователь (проект Поиск),https://hh.ru/vacancy/70348054,,70348054
"Software Development Engineer in Test (SDET) [Python, Linux]",https://hh.ru/vacancy/79120249,,79120249
Инженер-аналитик,https://hh.ru/vacancy/79114373,,79114373
Python разработчик (Северсталь Диджитал),https://hh.ru/vacancy/77918066,,77918066
Data Scientist,https://hh.ru/vacancy/79028437,,79028437
Data аналитик,https://hh.ru/vacancy/78675069,,78675069
Research Developer (Performance Analysis - Windows),https://hh.ru/vacancy/76225190,,76225190
Deep Learning Engineer (NLP),https://hh.ru/vacancy/71574774,,71574774
Специалист по интеллектуальному анализу данных,https://hh.ru/vacancy/79121680,,79121680
Data scientist (Персонализация),https://hh.ru/vacancy/54829296,,54829296
MLOps,https://hh.ru/vacancy/78639967,,78639967
Инженер Linux (отдел разработки ОС),https://hh.ru/vacancy/79002673,150000,79002673
Портфельный риск-аналитик/Data analyst,https://hh.ru/vacancy/79050201,,79050201
Data Engineer (VK Cloud),https://hh.ru/vacancy/79114543,,79114543
IT Специалист/Data Science Engineer,https://hh.ru/vacancy/78329582,,78329582
DevOps инженер (Middle/Middle+),https://hh.ru/vacancy/77841990,,77841990
Data scientist (направление разработки программных инструментов MLOps/ModelOps),https://hh.ru/vacancy/79089106,,79089106
Инженер-программист (middle+/senior) на задачи машинного обучения Machine Learning Engineer,https://hh.ru/vacancy/79020361,150000,79020361
Python Team Lead / Руководитель backend разработки (в аккредитованную ИТ компанию),https://hh.ru/vacancy/48216332,,48216332
Data scientist (коллекшн),https://hh.ru/vacancy/79114600,,79114600
Senior Python Developer (в аккредитованную ИТ компанию),https://hh.ru/vacancy/42615019,,42615019
ML Engineer,https://hh.ru/vacancy/79049832,,79049832
Менеджер по маркетинговым исследованиям со знанием SQL/Python,https://hh.ru/vacancy/73860667,,73860667
Middle Data / ML Engineer (Автокоммуникации),https://hh.ru/vacancy/76775596,,76775596
"Middle python разработчик в AI-стартап, удаленно (part-time)",https://hh.ru/vacancy/78999868,,78999868
BackEnd разработчик,https://hh.ru/vacancy/79023622,,79023622
PostgreSQL Reliability Engineer,https://hh.ru/vacancy/79006673,,79006673
TeamLead Python (remote),https://hh.ru/vacancy/78422906,,78422906
"Junior DevOps Инженер (гибрид, Москва)",https://hh.ru/vacancy/78981885,60000,78981885
Data scientist (RecSys),https://hh.ru/vacancy/75981474,,75981474
Senior SDET (Python),https://hh.ru/vacancy/77543281,,77543281
ML-разработчик,https://hh.ru/vacancy/78721844,,78721844
Middle data scientist NLP,https://hh.ru/vacancy/79008198,,79008198
Python-разработчик в Цифровые поверхности Салют (Сценарная разработка),https://hh.ru/vacancy/75888105,,75888105
Senior Data Scientist,https://hh.ru/vacancy/78471224,,78471224
Middle Python developer,https://hh.ru/vacancy/76868710,,76868710
Data scientist / Аналитик риск-моделей,https://hh.ru/vacancy/77181469,120000,77181469
Инженер по автоматическому тестированию (myTarget),https://hh.ru/vacancy/79016658,,79016658
Senior Python разработчик в команду Databases Platform,https://hh.ru/vacancy/78664487,,78664487
Team Lead Python (Департамент Информационной безопасности),https://hh.ru/vacancy/78856526,,78856526
Middle python developer,https://hh.ru/vacancy/79008330,,79008330
"Инженер по автоматизированному тестированию (Python, удаленка)",https://hh.ru/vacancy/78984480,,78984480
Data Engineer (Hadoop),https://hh.ru/vacancy/79010531,,79010531
Data Engineer,https://hh.ru/vacancy/77767767,,77767767
Senior Python Engineer в инфраструктуру поиска,https://hh.ru/vacancy/75887253,,75887253
Middle/Senior Data scientist (Computer Vision),https://hh.ru/vacancy/79012262,,79012262
Senior Python разработчик в SberDevices,https://hh.ru/vacancy/79009024,,79009024
ML\Python Developer,https://hh.ru/vacancy/78937320,,78937320
DevOps инженер (Bigdata),https://hh.ru/vacancy/75829622,,75829622
BI-Аналитик,https://hh.ru/vacancy/77991683,,77991683
"Backend разработчик Middle +, Senior (Python)",https://hh.ru/vacancy/77987153,200000,77987153
Data инженер,https://hh.ru/vacancy/77833232,,77833232
Golang/Python Разработчик,https://hh.ru/vacancy/78946465,,78946465
Middle/Senior Python Developer,https://hh.ru/vacancy/78981812,,78981812
Data Scientist (Рекомендательные системы),https://hh.ru/vacancy/68115103,,68115103
Data Scientist,https://hh.ru/vacancy/78976610,,78976610
Python-разработчик / DevOps / Автоматизатор,https://hh.ru/vacancy/78955751,,78955751
Senior Python developer (GLaDOS),https://hh.ru/vacancy/78955089,,78955089
Data analyst (Middle),https://hh.ru/vacancy/78996156,,78996156
Data Engineer/Data Analyst в команду CSI/NPS,https://hh.ru/vacancy/78960197,,78960197
Backend разработчик python (middle/senior),https://hh.ru/vacancy/78944542,,78944542
"Эксперт (SQL, Python) в отдел разработки систем принятия кредитного решения",https://hh.ru/vacancy/74238599,,74238599
Data Engineer,https://hh.ru/vacancy/72312345,,72312345
Team Lead Python,https://hh.ru/vacancy/75910812,,75910812
Software Development Engineer in Test (Python),https://hh.ru/vacancy/78357490,,78357490
Разработчик (Программирование торговых стратегий для криптобирж / Algotrading / HFT),https://hh.ru/vacancy/78972007,,78972007
Data инженер,https://hh.ru/vacancy/78961917,,78961917
Старший разработчик Python (аналитическая платформа),https://hh.ru/vacancy/75769974,,75769974
Middle / Senior Python developer (ML),https://hh.ru/vacancy/78900806,,78900806
Senior Python/Go разработчик (PT Blackbox),https://hh.ru/vacancy/78197552,,78197552
Data scientist (Middle+\Senior),https://hh.ru/vacancy/76939405,,76939405
Data Scientist (Middle),https://hh.ru/vacancy/78959208,,78959208
Team Lead разработки (Python),https://hh.ru/vacancy/77751628,,77751628
Data Engineer,https://hh.ru/vacancy/78272299,,78272299
Аналитик данных (ОРД),https://hh.ru/vacancy/78885651,,78885651
Data Scientist (Senior),https://hh.ru/vacancy/78959033,,78959033
Data Engineer (ДАДМ),https://hh.ru/vacancy/78937116,,78937116
QA Lead Python,https://hh.ru/vacancy/78892134,280000,78892134
Fullstack разработчик Python,https://hh.ru/vacancy/78861056,,78861056
Data analyst/ Data Scientist  (удаленно),https://hh.ru/vacancy/77774476,,77774476
Менеджер по автоматизации/Разработчик (SQL/VBA/Python),https://hh.ru/vacancy/71223138,,71223138
Data Engineer,https://hh.ru/vacancy/76291546,,76291546
Аналитик-разработчик,https://hh.ru/vacancy/78844346,,78844346
Data Engineer,https://hh.ru/vacancy/78959480,,78959480
Python Developer (KATA),https://hh.ru/vacancy/76804927,,76804927
AntiFraud Data Analyst,https://hh.ru/vacancy/78898370,,78898370
"Инженер по автоматизации тестирования, Python, API, Ozon Bank",https://hh.ru/vacancy/78959227,,78959227
"Разработчик отчётности (Python Django/PostgreSQL, Oracle PL/SQL)",https://hh.ru/vacancy/76164417,,76164417
Разработчик бэкенда на Python в Вертикали,https://hh.ru/vacancy/76831391,,76831391
"Senior ML Engineer (""Поиск"")",https://hh.ru/vacancy/77992688,,77992688
Python Team lead (CloudHalo),https://hh.ru/vacancy/78830377,,78830377
Data Scientist (Геоаналитика),https://hh.ru/vacancy/78896775,,78896775
Junior Data Scientist (сопровождение процесса разработки и использования моделей),https://hh.ru/vacancy/77907673,,77907673
Python-разработчик,https://hh.ru/vacancy/78838620,,78838620
Back-end developer,https://hh.ru/vacancy/78854337,200000,78854337
Python разработчик (backend),https://hh.ru/vacancy/78887375,,78887375
Data Analyst/Data engineer,https://hh.ru/vacancy/78908230,,78908230
Инженер-программист,https://hh.ru/vacancy/78823807,,78823807
Data Engineer,https://hh.ru/vacancy/77772473,,77772473
Python Tech Lead,https://hh.ru/vacancy/72008831,,72008831
Python-разработчик,https://hh.ru/vacancy/75700571,,75700571
Lead QA (Python),https://hh.ru/vacancy/75665602,,75665602
Python Developer Team Lead,https://hh.ru/vacancy/78903542,,78903542
ML-разработчик в группу качества геопоиска,https://hh.ru/vacancy/78955746,,78955746
Data Engineer,https://hh.ru/vacancy/78911120,,78911120
Middle Data Scientist,https://hh.ru/vacancy/78891888,,78891888
DevOps (SberLB) специалист,https://hh.ru/vacancy/78855384,200000,78855384
"Автор программы ""Python-разработчик"" в Яндекс Практикум",https://hh.ru/vacancy/78822286,,78822286
ML разработчика (NLP),https://hh.ru/vacancy/76975998,,76975998
Data Engineer Lead / Дата инженер,https://hh.ru/vacancy/78852846,300000,78852846
Data Scientist,https://hh.ru/vacancy/78672191,,78672191
ML OPS инженер,https://hh.ru/vacancy/78911110,,78911110
Middle/Senior Python Developer,https://hh.ru/vacancy/54374423,,54374423
Senior/middle Data Scientist,https://hh.ru/vacancy/78894061,,78894061
Product Analyst,https://hh.ru/vacancy/78564181,,78564181
"Middle Backend-разработчик (Python, Django)",https://hh.ru/vacancy/78916771,,78916771
Python-разработчик,https://hh.ru/vacancy/71525700,,71525700
Python Developer (SOC),https://hh.ru/vacancy/78826705,,78826705
Python Developer в омниканальные контактные центры,https://hh.ru/vacancy/78884772,,78884772
SDET Python (Network Traffic Analyzer),https://hh.ru/vacancy/78813720,,78813720
Data Engineer,https://hh.ru/vacancy/78856764,,78856764
SDET/Software Development Engineer in Test (Python),https://hh.ru/vacancy/76091264,,76091264
ML разработчик,https://hh.ru/vacancy/78893721,,78893721
SDET Python (Kaspersky Security Virtual Environments Agent Protection),https://hh.ru/vacancy/78909351,,78909351
ML-engineer,https://hh.ru/vacancy/55441562,,55441562
Senior Python developer,https://hh.ru/vacancy/67540644,,67540644
Data Scientist,https://hh.ru/vacancy/78834164,,78834164
Аналитик данных,https://hh.ru/vacancy/78855322,,78855322
Python Developer,https://hh.ru/vacancy/78800206,,78800206
Системный администратор Linux (remote),https://hh.ru/vacancy/78409340,,78409340
Разработчик Python (middle+|senior),https://hh.ru/vacancy/78084429,,78084429
Data/ML Engineer,https://hh.ru/vacancy/78829956,,78829956
Senior Data Scientist,https://hh.ru/vacancy/78883015,,78883015
Senior / Lead Python-разработчик,https://hh.ru/vacancy/77073264,,77073264
Senior/Lead Python-разработчик,https://hh.ru/vacancy/77869419,,77869419
"Старший инженер по автоматизации тестирования Python, ERP и учётные системы, Мetazon",https://hh.ru/vacancy/78913350,,78913350
Аналитик-разработчик в антифрод Такси,https://hh.ru/vacancy/78045054,,78045054
Senior Python developer (DDI),https://hh.ru/vacancy/76972714,,76972714
DevOps инженер,https://hh.ru/vacancy/76768258,,76768258
ML Engineer / python-разработчик (Маркетинг AI),https://hh.ru/vacancy/78841904,,78841904
Разработчик Qt,https://hh.ru/vacancy/78834520,,78834520
Data Scientist (DMAG),https://hh.ru/vacancy/77316163,,77316163
Data Engineer направления разработки витрин данных,https://hh.ru/vacancy/78843112,,78843112
Senior Python разработчик [Группа системных сервисов],https://hh.ru/vacancy/77280519,,77280519
Старший аналитик / Senior Analyst,https://hh.ru/vacancy/78198177,,78198177
Data Engineer (Ранжирование),https://hh.ru/vacancy/75525600,,75525600
ML-разработчик в группу исследований машинного обучения,https://hh.ru/vacancy/78815545,,78815545
Data engineer,https://hh.ru/vacancy/78830715,,78830715
ML OPS инженер,https://hh.ru/vacancy/78076639,,78076639
Разработчик ML алгоритмов в области рекомендательных систем,https://hh.ru/vacancy/78823341,,78823341
Machine learning engineer,https://hh.ru/vacancy/76000617,,76000617
Ведущий ГИС разработчик,https://hh.ru/vacancy/78841804,,78841804
Аналитик-разработчик SQL,https://hh.ru/vacancy/78838624,,78838624
Аналитик продукта / данных (Автокоммуникации),https://hh.ru/vacancy/76974877,,76974877
ML-разработчик в геопоиск,https://hh.ru/vacancy/78796750,,78796750
Data Scientist,https://hh.ru/vacancy/77737078,,77737078
Data Engineer в команду Search Quality,https://hh.ru/vacancy/78821349,,78821349
Data Scientist,https://hh.ru/vacancy/78762450,,78762450
Python/Golang разработчик (Решения для моделирования),https://hh.ru/vacancy/76225027,,76225027
Разработчик машинного обучения в Алису,https://hh.ru/vacancy/78815516,,78815516
Python developer,https://hh.ru/vacancy/78767376,,78767376
MLOps engineer,https://hh.ru/vacancy/77734476,,77734476
Python разработчик,https://hh.ru/vacancy/77559064,,77559064
Data Scientist / Дата-сайентист,https://hh.ru/vacancy/78769739,,78769739
Разработчик на Python в команду отчётности DWH Фантеха,https://hh.ru/vacancy/78767383,,78767383
ML инженер/MLOps,https://hh.ru/vacancy/78757033,,78757033
ML-разработчик в Карты,https://hh.ru/vacancy/78796745,,78796745
Разработчик на Python в команду инфраструктуры В2В в Лавку,https://hh.ru/vacancy/78794870,,78794870
Python Developer,https://hh.ru/vacancy/78736500,,78736500
Python Developer,https://hh.ru/vacancy/78736325,,78736325
Python разработчик senior,https://hh.ru/vacancy/78787651,,78787651
Python Developer,https://hh.ru/vacancy/78705518,,78705518
Python developer,https://hh.ru/vacancy/78715475,,78715475
Data Scientist (Computer Vision),https://hh.ru/vacancy/77408771,,77408771
Data Scientist middle/senior,https://hh.ru/vacancy/78758907,,78758907
"Разработчик Python (Департамент ""Операционная деятельность"")",https://hh.ru/vacancy/78690730,,78690730
Senior Python разработчик (PT NAD),https://hh.ru/vacancy/77824113,,77824113
Data Engineer / Инженер данных,https://hh.ru/vacancy/77496490,,77496490
Data-инженер (DWH) / Разработчик SQL + Python,https://hh.ru/vacancy/78721561,,78721561
Data Engineer,https://hh.ru/vacancy/77846851,,77846851
Python/Golang разработчик,https://hh.ru/vacancy/78685915,,78685915
Junior Data Engineer,https://hh.ru/vacancy/78662110,,78662110
Python developer (KSMG),https://hh.ru/vacancy/77668231,,77668231
Middle/Senior Python Developer (Django) [Кибербезопасность],https://hh.ru/vacancy/78684910,,78684910
"Разработчик Go, Анализ текста (DS/NLP)",https://hh.ru/vacancy/78738195,,78738195
Middle/Senior Python Developer (Data Engineering) [Кибербезопасность],https://hh.ru/vacancy/78685697,,78685697
Аналитик SOC,https://hh.ru/vacancy/78662979,,78662979
Senior QA Automation (Python),https://hh.ru/vacancy/76451004,,76451004
Разработчик инфраструктурных сервисов,https://hh.ru/vacancy/78753030,,78753030
Аналитик данных / Data Analyst,https://hh.ru/vacancy/78769543,,78769543
"Разработчик ETL(Hadoop/Python/SQL), senior",https://hh.ru/vacancy/78750963,,78750963
Python Backend Developer (Senior/Remote),https://hh.ru/vacancy/77415346,,77415346
Middle/Senior Python Developer [Кибербезопасность],https://hh.ru/vacancy/78685287,,78685287
Data Scientist / ML-инженер,https://hh.ru/vacancy/78680130,,78680130
Разработчик-исследователь / Data Scientist в Data Office,https://hh.ru/vacancy/78736467,,78736467
ML Engineer,https://hh.ru/vacancy/78750012,,78750012
Senior Python Developer,https://hh.ru/vacancy/73452481,,73452481
Middle fullstack разработчик (Python/JS),https://hh.ru/vacancy/77612817,,77612817
QA Automation Python specialist,https://hh.ru/vacancy/78643501,,78643501
Аналитик данных ML - Data Science,https://hh.ru/vacancy/78683099,,78683099
Data Engineer/ML Engineer Sber AI lab,https://hh.ru/vacancy/78730030,,78730030
Senior Python Разработчик,https://hh.ru/vacancy/77126191,,77126191
Tech Lead Python в сервис CloudQuota,https://hh.ru/vacancy/78723296,,78723296
Data Scientist (HR-модели),https://hh.ru/vacancy/78740551,,78740551
Senior DevOps специалист,https://hh.ru/vacancy/78660448,,78660448
QA Automation Engineer (Python/Robot Framework),https://hh.ru/vacancy/78756176,,78756176
QA Automation (Python),https://hh.ru/vacancy/78628217,,78628217
Разработчик алгоритмов,https://hh.ru/vacancy/78726425,,78726425
Middle+/Senior Python developer,https://hh.ru/vacancy/78725958,,78725958
"Senior Python Developer Enabled Platform (IAM, Billing, Security, MTS AI)",https://hh.ru/vacancy/78638779,300000,78638779
Fullstack Python Developer / Python Разработчик,https://hh.ru/vacancy/76399952,,76399952
Data Scientist (MyTracker),https://hh.ru/vacancy/78642657,,78642657
Python-разработчик,https://hh.ru/vacancy/78587555,,78587555
Data Scientist (ML Space),https://hh.ru/vacancy/78707376,,78707376
Python разработчик,https://hh.ru/vacancy/77409814,,77409814
Python Developer,https://hh.ru/vacancy/78593700,,78593700
Middle Python Developer,https://hh.ru/vacancy/77558132,,77558132
Разработчик/аналитик хранилищ данных (Общеплатформенные сервисы),https://hh.ru/vacancy/76739614,,76739614
Senior python developer,https://hh.ru/vacancy/78607861,,78607861
Senior Backend Python Developer Audiogram (MTS AI),https://hh.ru/vacancy/76813506,,76813506
Data engineer (Python Hadoop Spark),https://hh.ru/vacancy/78652981,,78652981
Teamlead Python developer,https://hh.ru/vacancy/76410649,,76410649
Data Scientist в команду CVM AI,https://hh.ru/vacancy/78686420,,78686420
Middle/Senior Python developer [Геоэффект],https://hh.ru/vacancy/78655475,,78655475
Senior Python Developer (Remote),https://hh.ru/vacancy/78643302,,78643302
Разработчик Python (Middle/ Senior),https://hh.ru/vacancy/75983780,,75983780
Senior Python Developer (remote),https://hh.ru/vacancy/78589626,3500,78589626
Middle Python Developer,https://hh.ru/vacancy/78176096,,78176096
Senior Python developer,https://hh.ru/vacancy/77545342,,77545342
Middle data analyst,https://hh.ru/vacancy/78686565,,78686565
"Инженер-программист-математик, ГНСС/GPS",https://hh.ru/vacancy/78611894,,78611894
Data Scientist,https://hh.ru/vacancy/78656512,,78656512
Data Scientist в команду Товарных Рекомендаций,https://hh.ru/vacancy/78692078,,78692078
Senior Python Developer,https://hh.ru/vacancy/77445054,,77445054
"Data Scientist, Товарные рекомендации",https://hh.ru/vacancy/78120333,,78120333
Data Scientist,https://hh.ru/vacancy/78627603,,78627603
Middle Python Developer,https://hh.ru/vacancy/78642894,,78642894
Data analyst,https://hh.ru/vacancy/75628514,,75628514
Data Engineer junior +,https://hh.ru/vacancy/77432992,,77432992
Data Scientist/ML,https://hh.ru/vacancy/77480809,,77480809
Рython developer,https://hh.ru/vacancy/76774389,,76774389
Data Engineer,https://hh.ru/vacancy/78634572,,78634572
Программист AI/ML,https://hh.ru/vacancy/78642754,,78642754
ML Developer NLP (речевая аналитика) MTS AI,https://hh.ru/vacancy/78034294,,78034294
Data Analyst,https://hh.ru/vacancy/78668714,,78668714
Инженер-программист математик,https://hh.ru/vacancy/77806185,170000,77806185
"Data Scientist, Ранжирование поиска",https://hh.ru/vacancy/67411146,,67411146
"Data Scientist, Поисковые подсказки",https://hh.ru/vacancy/77132650,,77132650
Продуктовый аналитик (ВКонтакте для бизнеса),https://hh.ru/vacancy/78634286,,78634286
Вирусный аналитик/Malware Analyst,https://hh.ru/vacancy/78604754,,78604754
Data Scientist (Почта),https://hh.ru/vacancy/75546387,,75546387
Data Scientist,https://hh.ru/vacancy/76461371,,76461371
Data Scientist Time Series,https://hh.ru/vacancy/78579825,,78579825
Senior Data Analyst,https://hh.ru/vacancy/78609928,200000,78609928
Middle Python developer (remote),https://hh.ru/vacancy/77404488,,77404488
"Middle/Senior Python Developer, Группа цифровых технологий (Digital)",https://hh.ru/vacancy/77395554,,77395554
Data Engineer (Мy Tracker),https://hh.ru/vacancy/78580878,,78580878
Системный разработчик отдела разработки клиентской части (VDI),https://hh.ru/vacancy/74416875,,74416875
"Senior Data Scientist, Анализ текста (DS/NLP)",https://hh.ru/vacancy/78042103,,78042103
Data Engineer (группа машинного обучения),https://hh.ru/vacancy/77536408,,77536408
Python Developer (автоматизация сетей передачи данных),https://hh.ru/vacancy/78555712,,78555712
Data Scientist,https://hh.ru/vacancy/78570367,,78570367
Data Scientist,https://hh.ru/vacancy/77656659,,77656659
MlOps engineer,https://hh.ru/vacancy/78624057,,78624057
Senior fullstack разработчик (Python/JS),https://hh.ru/vacancy/77613746,,77613746
Middle+/Senior Backend developer (Python),https://hh.ru/vacancy/78557048,,78557048
ML Engineer,https://hh.ru/vacancy/78571784,,78571784
Middle OpenStack Python,https://hh.ru/vacancy/75726638,,75726638
Middle/Senior Data Scientist (Operations),https://hh.ru/vacancy/77472643,,77472643
Python-разработчик,https://hh.ru/vacancy/76971042,,76971042
Разработчик (Python) систем целевого маркетинга,https://hh.ru/vacancy/78527686,,78527686
Инженер по автоматизированному тестированию (Python),https://hh.ru/vacancy/78396467,,78396467
Senior OpenStack Python specialist,https://hh.ru/vacancy/75725924,,75725924
Разработчик Python/Django (middle),https://hh.ru/vacancy/78460886,,78460886
"Middle Python Developer в команду Data Catalog, платформа ML Space",https://hh.ru/vacancy/71902627,,71902627
Инженер по автоматизированному тестированию на Python,https://hh.ru/vacancy/78530746,,78530746
Главный разработчик Python,https://hh.ru/vacancy/78421936,,78421936
Разработчик Python (Middle+),https://hh.ru/vacancy/78398403,,78398403
Специалист по автоматизации/Разработчик (SQL/VBA/Python),https://hh.ru/vacancy/77080309,,77080309
Python Developer в команду PIM-системы,https://hh.ru/vacancy/78447711,,78447711
Математик-программист,https://hh.ru/vacancy/76225619,,76225619
Аналитик данных / Data Scientist,https://hh.ru/vacancy/78405363,150000,78405363
Senior Python разработчик,https://hh.ru/vacancy/77206360,,77206360
Devops инженер,https://hh.ru/vacancy/78526808,100000,78526808
Data Scientist,https://hh.ru/vacancy/78524520,,78524520
TechLead Python,https://hh.ru/vacancy/78374313,,78374313
Эксперт разработки тестовых заданий (Python-разработчик),https://hh.ru/vacancy/78357251,,78357251
TechLead Python,https://hh.ru/vacancy/78365947,,78365947
QA Automation Engineer (python),https://hh.ru/vacancy/78347472,,78347472
Senior Python Developer,https://hh.ru/vacancy/73891505,,73891505
Аналитик данных по медиастратегии,https://hh.ru/vacancy/78386603,,78386603
Middle+/Senior Back-end Python Developer,https://hh.ru/vacancy/78493299,,78493299
Инженер-программист (алгоритмист),https://hh.ru/vacancy/78397296,,78397296
Middle Python backend developer (ML Space AI Cloud),https://hh.ru/vacancy/71226010,,71226010
Data Engineer,https://hh.ru/vacancy/78520383,,78520383
Middle/Senior python developer,https://hh.ru/vacancy/73910485,,73910485
Инженер данных / Data Engineer,https://hh.ru/vacancy/77720409,,77720409
Python developer (KATA),https://hh.ru/vacancy/77298455,,77298455
Senior Python разработчик,https://hh.ru/vacancy/75841200,,75841200
QA automation engineer (Python),https://hh.ru/vacancy/78386288,,78386288
Главный аналитик Machine Learning (Python/SAS),https://hh.ru/vacancy/78406445,,78406445
Backend программист (Python),https://hh.ru/vacancy/77147428,120000,77147428
Data Scientist (Predict),https://hh.ru/vacancy/73254140,,73254140
Team Lead/Senior Python Developer (remote),https://hh.ru/vacancy/78363369,300000,78363369
"Преподаватель курса ""Автоматизация тестирования консольных приложений Linux на Python""",https://hh.ru/vacancy/78357244,,78357244
Python Developer middle,https://hh.ru/vacancy/78409194,,78409194
MIddle/Senior Python Backend Developer (Вывод продуктов),https://hh.ru/vacancy/76756653,,76756653
Data Scientist (Senior),https://hh.ru/vacancy/78440207,,78440207
Senior Python Developer (Беспилотные автомобили),https://hh.ru/vacancy/78391638,,78391638
Data Scientist,https://hh.ru/vacancy/78390412,,78390412
Python developer Risk Tech (Cyprus),https://hh.ru/vacancy/78265410,,78265410
ML-Разработчик,https://hh.ru/vacancy/78420887,,78420887
Python Team Lead,https://hh.ru/vacancy/77136977,,77136977
Senior Data Scientist,https://hh.ru/vacancy/78265110,300000,78265110
Machine Learning Engineer,https://hh.ru/vacancy/71140682,,71140682
TeamLead / руководитель команды разработки (Python),https://hh.ru/vacancy/78285377,,78285377
Data Engineer,https://hh.ru/vacancy/78427105,,78427105
ETL разработчик,https://hh.ru/vacancy/77235986,230000,77235986
Старший Python + Go разработчик,https://hh.ru/vacancy/78303727,,78303727
Senior Python Developer,https://hh.ru/vacancy/76849150,,76849150
Senior Python Back-Еnd разработчик в Проект Блокчейна,https://hh.ru/vacancy/77224114,,77224114
Data scientist,https://hh.ru/vacancy/77409086,,77409086
Team Lead Python,https://hh.ru/vacancy/78348100,,78348100
Data Engineer,https://hh.ru/vacancy/77210869,,77210869
Senior Data Scientist,https://hh.ru/vacancy/78043382,,78043382
Data scientist,https://hh.ru/vacancy/78330086,,78330086
Middle Data Scientist (Скоринги Партнерств и ПБД),https://hh.ru/vacancy/76281676,,76281676
Разработчик С++/C# (нейронные сети),https://hh.ru/vacancy/78255400,150000,78255400
Python-разработчик (команда SDN IaaS в VK Cloud),https://hh.ru/vacancy/76234749,,76234749
"Python Developer (заказная разработка, проект ""Маркетинг"") Middle",https://hh.ru/vacancy/76968960,,76968960
Ведущий разработчик Python (Middle/Senior),https://hh.ru/vacancy/76742077,,76742077
Ведущий инженер-программист (разрабатывающее подразделение 5),https://hh.ru/vacancy/67746996,,67746996
ML-engineer (ranking and recs),https://hh.ru/vacancy/76669711,,76669711
Инженер по автоматическому тестированию (MyTarget),https://hh.ru/vacancy/78377457,,78377457
Data Scientist Middle/Senior (Моделирование RnD),https://hh.ru/vacancy/76274433,,76274433
Data scientist,https://hh.ru/vacancy/78373823,,78373823
Веб-аналитик,https://hh.ru/vacancy/78308187,,78308187
Senior Backend Python Developer,https://hh.ru/vacancy/77332374,,77332374
Разработчик OCR/ML/NER (Python),https://hh.ru/vacancy/76220566,,76220566
"Старший специалист по автоматизации тестирования Python, Маркетплейс, Кабинет бренда",https://hh.ru/vacancy/78413492,,78413492
Data Engineer,https://hh.ru/vacancy/78179909,190000,78179909
Data Analyst,https://hh.ru/vacancy/78365379,,78365379
Data Scientist в команду лояльности СберСпасибо,https://hh.ru/vacancy/78387709,,78387709
Data scientist (middle),https://hh.ru/vacancy/78241386,,78241386
Data Scientist (ML Engineer),https://hh.ru/vacancy/78280966,,78280966
"Инженер по автоматизации тестирования Python, Поиск и Каталог, Личный кабинет продавца",https://hh.ru/vacancy/78354268,,78354268
Backend Team Lead (Python),https://hh.ru/vacancy/71010945,,71010945
DevOps-инженер,https://hh.ru/vacancy/78366434,100000,78366434
Senior Python Developer,https://hh.ru/vacancy/77125729,,77125729
Backend Tech Lead (Python),https://hh.ru/vacancy/71091986,,71091986
Data Scientist,https://hh.ru/vacancy/76165484,,76165484
Спикер на курс «Data Analyst»,https://hh.ru/vacancy/77218099,,77218099
"Full-stack разработчик (Angular, Python)",https://hh.ru/vacancy/78378828,,78378828
Главный python разработчик (ДПП),https://hh.ru/vacancy/76080772,,76080772
Senior Python BackEnd Developer,https://hh.ru/vacancy/70534476,,70534476
Data Engineer (DWH),https://hh.ru/vacancy/78263837,,78263837
Специалист Data Scientist,https://hh.ru/vacancy/78117577,,78117577
Python разработчик (Middle / Senior),https://hh.ru/vacancy/78190202,,78190202
Data Scientist (Северсталь Диджитал),https://hh.ru/vacancy/78253085,,78253085
Python-разработчик,https://hh.ru/vacancy/78091052,,78091052
Senior Python/Go разработчик (WAF),https://hh.ru/vacancy/78197701,,78197701
Старший Python-разработчик (Проектный офис),https://hh.ru/vacancy/78097419,,78097419
SDET Python (KLDFS),https://hh.ru/vacancy/73457228,,73457228
Machine Learning Engineer,https://hh.ru/vacancy/78242918,,78242918
Python Developer/Data Engineer (Samokat.tech),https://hh.ru/vacancy/78141390,,78141390
Python-разработчик (VK Tax Compliance),https://hh.ru/vacancy/78089294,,78089294
"Разработчик Python в сервис CloudQuota (middle, senior)",https://hh.ru/vacancy/78196594,,78196594
"Разработчик Python, DWH - DataQuality, DataGovernance, Банк",https://hh.ru/vacancy/78136334,,78136334
Python - разработчик (ALM 2.0 Динамическое моделирование баланса),https://hh.ru/vacancy/77056034,,77056034
Data Engineer / Разработчик,https://hh.ru/vacancy/78114909,,78114909
Middle Data / ML Engineer (Персонализация),https://hh.ru/vacancy/45498560,,45498560
Senior Python-разработчик,https://hh.ru/vacancy/78141013,,78141013
Data-Scientist / Дата-сайентист,https://hh.ru/vacancy/76913797,,76913797
Middle Data Scientist (команда перспективных алгоритмов машинного обучения),https://hh.ru/vacancy/76145682,,76145682
Middle/Senior Python разработчик в Data Quality (Big Data),https://hh.ru/vacancy/77142106,,77142106
DevOps-инженер,https://hh.ru/vacancy/78073545,272000,78073545
Backend Python + Golang разработчик,https://hh.ru/vacancy/78156745,,78156745
DevOps-инженер,https://hh.ru/vacancy/78106135,,78106135
Python разработчик в команду Data Quality (Usage),https://hh.ru/vacancy/78105329,,78105329
Senior Backend Python Developer платформа анализа и синтеза речи (MTS AI),https://hh.ru/vacancy/74252840,,74252840
Senior Python Developer (remote),https://hh.ru/vacancy/78022443,3500,78022443
ML Engineer (Computer Vision),https://hh.ru/vacancy/77128896,,77128896
Senior Python-разработчик в Цифровые поверхности Салют (Layer),https://hh.ru/vacancy/76961537,,76961537
Python Developer (Трайб Core IT),https://hh.ru/vacancy/77142723,,77142723
Data Engineer,https://hh.ru/vacancy/73888449,,73888449
"Python Developer (Заказная разработка, проект ""Маркетинг БКП"", срочный трудовой договор) Middle",https://hh.ru/vacancy/76978400,,76978400
Middle/Senior Python-разработчик в Цифровые поверхности Салют (SberDevices),https://hh.ru/vacancy/76048443,,76048443
Middle+ Python разработчик [SAM 2.0],https://hh.ru/vacancy/77970077,,77970077
Senior Python разработчик,https://hh.ru/vacancy/77986602,,77986602
Tech Lead/Senior Python developer на продукт Data Quality (Big Data),https://hh.ru/vacancy/78129444,,78129444
Senior Python разработчик,https://hh.ru/vacancy/68918046,,68918046
"Python Developer (Заказная разработка, проект ""Маркетинг"") Senior",https://hh.ru/vacancy/76976985,,76976985
Senior Python разработчик (Портал),https://hh.ru/vacancy/78145264,,78145264
Дата инженер /Data Engineer Senior,https://hh.ru/vacancy/77616110,300000,77616110
Data Scientist,https://hh.ru/vacancy/78094820,,78094820
ML engineer/Data engineer,https://hh.ru/vacancy/78103204,,78103204
"Наставник курса ""Мидл python-разработчик"" на backend-факультет (middle+/senior)",https://hh.ru/vacancy/78142115,,78142115
Программирующий математик (математическое моделирование).,https://hh.ru/vacancy/78198661,,78198661
Backend Go/Python Developer,https://hh.ru/vacancy/78537024,,78537024
Middle/Senior Python Developer,https://hh.ru/vacancy/78071163,,78071163
Data Engineer,https://hh.ru/vacancy/78141285,,78141285
Руководитель группы разработки Python,https://hh.ru/vacancy/78035490,,78035490
Аналитик данных (data scientist),https://hh.ru/vacancy/78029161,,78029161
Python Developer Big Data,https://hh.ru/vacancy/77978931,,77978931
Инженер по валидации моделей машинного обучения,https://hh.ru/vacancy/78179685,,78179685
Data Scientist,https://hh.ru/vacancy/78025182,,78025182
Data Scientist,https://hh.ru/vacancy/78121640,,78121640
Ведущий разработчик отдела интеграции (python),https://hh.ru/vacancy/73766191,,73766191
Middle Python Developer,https://hh.ru/vacancy/76034232,,76034232
Data Engineer,https://hh.ru/vacancy/78101781,,78101781
Data Scientist,https://hh.ru/vacancy/78102671,,78102671
"Старший инженер по автоматизации тестирования Python, ERP и учётные системы",https://hh.ru/vacancy/75832387,,75832387
Senior Python Developer,https://hh.ru/vacancy/78037910,,78037910
Data Analyst (Предиктивная аналитика),https://hh.ru/vacancy/78043876,,78043876
Data engineer (направление предиктивной аналитики),https://hh.ru/vacancy/78149780,,78149780
Team Lead Python,https://hh.ru/vacancy/78037790,,78037790
Team Lead (Python),https://hh.ru/vacancy/78003505,,78003505
Data-инженер/Дата-инженер/Инженер данных,https://hh.ru/vacancy/77072838,,77072838
Senior Python Developer,https://hh.ru/vacancy/77977312,,77977312
Python Team Lead / Руководитель backend разработки,https://hh.ru/vacancy/54492842,,54492842
Data инженер,https://hh.ru/vacancy/78275179,,78275179
Специалист по машинному обучению в команду предсказания беспилотника,https://hh.ru/vacancy/78077440,,78077440
Data analyst (middle/senior),https://hh.ru/vacancy/76969784,,76969784
Data Scientist CV,https://hh.ru/vacancy/78056289,,78056289
Data Engineer (NLP),https://hh.ru/vacancy/78031786,,78031786
NLP - Разработчик,https://hh.ru/vacancy/69986728,,69986728
ML Engineer,https://hh.ru/vacancy/78033364,,78033364
Senior Python Developer (HotelBox),https://hh.ru/vacancy/77951602,,77951602
Tech Lead Python Developer (remote),https://hh.ru/vacancy/72279956,,72279956
Data-analyst (Кипр),https://hh.ru/vacancy/72748736,,72748736
Data инженер/Data Science (Автоматизация и аналитика корпоративного бизнеса),https://hh.ru/vacancy/78043564,,78043564
Product analyst ML (тестирование рекомендаций),https://hh.ru/vacancy/77989596,,77989596
Python Developer (Middle),https://hh.ru/vacancy/78294758,,78294758
Senior QA Automation Engineer (Python),https://hh.ru/vacancy/77997682,,77997682
CV Engineer (SberDevices),https://hh.ru/vacancy/73080486,,73080486
Python Developer,https://hh.ru/vacancy/78937564,200000,78937564
Программист Python (удаленно),https://hh.ru/vacancy/78803626,,78803626
Python developer,https://hh.ru/vacancy/78421152,100000,78421152
Data Scientist,https://hh.ru/vacancy/77075807,,77075807
Data Analyst,https://hh.ru/vacancy/78643247,,78643247
Data Scientist,https://hh.ru/vacancy/72888902,,72888902
Дата-аналитик в управление операционных рисков,https://hh.ru/vacancy/77093625,,77093625
Аналитик данных,https://hh.ru/vacancy/78075399,110000,78075399
Middle Data analyst,https://hh.ru/vacancy/78091483,,78091483
Программист Python,https://hh.ru/vacancy/78359066,,78359066
Python developer,https://hh.ru/vacancy/78999850,,78999850
Data Scientist (Junior),https://hh.ru/vacancy/79000975,,79000975
Разработчик ПО (Python),https://hh.ru/vacancy/76460278,,76460278
Аналитик данных,https://hh.ru/vacancy/79000233,80000,79000233
Python разработчик (рекомендательная система Wink),https://hh.ru/vacancy/78953999,,78953999
Инженер - разработчик Python (корпоративный портал),https://hh.ru/vacancy/78962078,,78962078
Data Scientist,https://hh.ru/vacancy/78995690,,78995690
ML-инженер (Data Scientist),https://hh.ru/vacancy/76734803,,76734803
"Junior python разработчик в НТЦ ""Атлас""",https://hh.ru/vacancy/78846461,60000,78846461
Middle Python Backend Developer (удаленно),https://hh.ru/vacancy/78932542,,78932542
Python Developer / Программист / Специалист / Тестировщик,https://hh.ru/vacancy/78688542,60000,78688542
Data engineer (junior +),https://hh.ru/vacancy/78857147,,78857147
Аналитик данных,https://hh.ru/vacancy/78090072,,78090072
Программист Python (стажер),https://hh.ru/vacancy/78762671,,78762671
Data Scientist,https://hh.ru/vacancy/78879508,,78879508
Python-разработчик (удаленно/гибрид),https://hh.ru/vacancy/78175892,,78175892
Стажер (разработчик Python),https://hh.ru/vacancy/78717347,,78717347
ML инженер,https://hh.ru/vacancy/78549915,,78549915
Data Scientist / ML-разработчик,https://hh.ru/vacancy/77725684,,77725684
Data Scientist,https://hh.ru/vacancy/78170079,,78170079
Junior DevOps Engineer,https://hh.ru/vacancy/78131488,,78131488
Стажер Data engineer / Data analyst,https://hh.ru/vacancy/78840014,,78840014
WEB Developer Python (Django),https://hh.ru/vacancy/78422403,80000,78422403
Аналитик данных,https://hh.ru/vacancy/78736591,,78736591
Программист,https://hh.ru/vacancy/78117016,,78117016
Аналитик в команду внедрения ботов (со знанием Python),https://hh.ru/vacancy/76533535,,76533535
Data scientist,https://hh.ru/vacancy/78657529,,78657529
